{"Weighted Total Loss": 11.766983955153927, "Weighted SSL Loss": 11.290323851344048, "Target Loss": 0.4766601038098798, "AM Weights": 0.014001091942191124, "AM Gradient Similarity": 0.340063214302063, "AM Gradient Norm": 0.19467219710350037, "CP Weights": 1.586254256835673e-05, "CP Gradient Similarity": -0.024046018719673157, "CP Gradient Norm": 0.2241344451904297, "EP Weights": 0.00017420125368516892, "EP Gradient Similarity": -0.4553627371788025, "EP Gradient Norm": 3.694365978240967, "IG Weights": 0.007217247039079666, "IG Gradient Similarity": 0.15782007575035095, "IG Gradient Norm": 0.143882617354393, "MP Weights": 0.1961774230003357, "MP Gradient Similarity": 0.458473265171051, "MP Gradient Norm": 0.015632085502147675, "Target Weights": 1.0, "Target Norm": 0.02075854502618313, "Val Loss": 0.4878271818161011, "Test Loss": 0.4907442629337311, "Train ROC": 0.724001345467614, "Val ROC": 0.5946696381762202, "Test ROC": 0.6138410365412055, "_timestamp": 1697834454.2869859, "_runtime": 340.7917628288269, "_step": 36, "_wandb": {"runtime": 347}}