{"Train Loss": 0.6322570820989117, "Val Loss": 0.6217013001441956, "Test Loss": 0.6292353272438049, "Train ROC": 0.5500908917923248, "Val ROC": 0.5030578822469877, "Test ROC": 0.49898186636202435, "_timestamp": 1697834019.6258376, "_runtime": 21.89350652694702, "_step": 4, "_wandb": {"runtime": 21}}